2026-03-23_07-07-06,---,draft.go:2026-03-23_07-07-06
2026-03-23_07-16-39,0,draft.go:2026-03-23_07-16-39
2026-03-23_07-16-44,0,draft.go:2026-03-23_07-16-44
2026-03-23_07-16-46,0,draft.go:2026-03-23_07-16-44
2026-03-23_07-17-26,0,draft.go:2026-03-23_07-17-26
2026-03-23_07-20-05,0,draft.go:2026-03-23_07-20-05
2026-03-23_07-20-06,0,draft.go:2026-03-23_07-20-05
2026-03-23_07-20-10,0,draft.go:2026-03-23_07-20-10
2026-03-23_07-20-11,0,draft.go:2026-03-23_07-20-10
2026-03-23_07-20-12,0,draft.go:2026-03-23_07-20-10
2026-03-23_07-20-55,0,draft.go:2026-03-23_07-20-55
2026-03-23_07-21-16,0,draft.go:2026-03-23_07-21-16
2026-03-23_07-21-18,0,draft.go:2026-03-23_07-21-18
2026-03-23_07-22-06,100,draft.go:2026-03-23_07-22-06
2026-03-23_07-22-12,100,draft.go:2026-03-23_07-22-06
2026-03-23_07-22-39,66,draft.go:2026-03-23_07-22-39
2026-03-23_07-23-04,100,draft.go:2026-03-23_07-23-04
2026-04-14_10-25-16,100,draft.go:2026-03-23_07-23-04
