2026-04-16_08-42-20,14,shell.go:2026-04-16_08-42-20
2026-04-16_08-43-14,0,shell.go:2026-04-16_08-43-14
2026-04-16_08-43-25,14,shell.go:2026-04-16_08-43-25
2026-04-16_08-43-53,28,shell.go:2026-04-16_08-43-53
2026-04-16_08-44-50,28,shell.go:2026-04-16_08-44-50
2026-04-16_08-45-05,42,shell.go:2026-04-16_08-45-05
2026-04-16_08-45-33,42,shell.go:2026-04-16_08-45-33
2026-04-16_08-45-45,42,shell.go:2026-04-16_08-45-45
2026-04-16_08-51-25,42,shell.go:2026-04-16_08-51-25
2026-04-16_08-51-33,42,shell.go:2026-04-16_08-51-33
2026-04-16_08-51-48,0,shell.go:2026-04-16_08-51-48
2026-04-16_08-52-00,42,shell.go:2026-04-16_08-52-00
2026-04-16_08-52-11,42,shell.go:2026-04-16_08-52-11
2026-04-16_08-52-49,42,shell.go:2026-04-16_08-52-49
2026-04-16_08-54-27,42,shell.go:2026-04-16_08-54-27
2026-04-16_08-54-34,42,shell.go:2026-04-16_08-54-34
2026-04-16_08-54-50,42,shell.go:2026-04-16_08-54-50
2026-04-16_09-00-43,0,shell.go:2026-04-16_09-00-43
2026-04-16_09-00-50,57,shell.go:2026-04-16_09-00-50
2026-04-16_09-02-17,71,shell.go:2026-04-16_09-02-17
2026-04-16_09-03-57,71,shell.go:2026-04-16_09-03-57
2026-04-16_09-04-13,71,shell.go:2026-04-16_09-04-13
2026-04-16_09-04-21,71,shell.go:2026-04-16_09-04-21
2026-04-16_09-05-39,71,shell.go:2026-04-16_09-05-39
2026-04-16_09-07-00,71,shell.go:2026-04-16_09-07-00
2026-04-16_09-07-38,0,shell.go:2026-04-16_09-07-38
2026-04-16_09-07-49,85,shell.go:2026-04-16_09-07-49
2026-04-16_09-11-34,85,shell.go:2026-04-16_09-11-34
2026-04-16_09-14-29,85,shell.go:2026-04-16_09-14-29
2026-04-16_09-14-38,85,shell.go:2026-04-16_09-14-38
2026-04-16_09-14-53,85,shell.go:2026-04-16_09-14-53
2026-04-16_09-15-08,85,shell.go:2026-04-16_09-15-08
2026-04-16_09-15-20,85,shell.go:2026-04-16_09-15-20
2026-04-16_09-18-23,100,shell.go:2026-04-16_09-18-23
