2026-03-20_14-25-17,---,draft.go:2026-03-20_14-25-17
2026-03-20_14-28-21,---,draft.go:2026-03-20_14-28-21
2026-03-23_06-17-04,---,draft.go:2026-03-23_06-17-04
2026-03-23_06-20-16,25,draft.go:2026-03-23_06-20-16
2026-03-23_06-22-32,25,draft.go:2026-03-23_06-22-32
2026-03-23_06-23-04,16,draft.go:2026-03-23_06-23-04
2026-03-23_06-23-08,16,draft.go:2026-03-23_06-23-08
2026-03-23_06-24-14,0,draft.go:2026-03-23_06-24-14
2026-03-23_06-24-19,0,draft.go:2026-03-23_06-24-19
2026-03-23_06-25-12,0,draft.go:2026-03-23_06-25-12
2026-03-23_06-27-37,0,draft.go:2026-03-23_06-27-37
2026-03-23_06-27-44,0,draft.go:2026-03-23_06-27-44
2026-03-23_06-27-47,0,draft.go:2026-03-23_06-27-47
2026-03-23_06-28-20,25,draft.go:2026-03-23_06-28-20
2026-03-23_06-28-32,25,draft.go:2026-03-23_06-28-20
2026-03-23_06-29-32,0,draft.go:2026-03-23_06-29-32
2026-03-23_06-29-59,0,draft.go:2026-03-23_06-29-59
2026-03-23_06-30-28,100,draft.go:2026-03-23_06-30-28
